[{
        "text": "Программирование сегодня — это гонка разработчиков программ, стремящихся писать программы с большей и лучшей идиотоустойчивостью, и вселенной, которая пытается создать больше отборных идиотов. Пока вселенная побеждает",
        "author": "Рик Кук"
    },

    {
        "text": "Низкоуровневый язык — это когда требуется внимание к вещам, которые никак не связаны с программами на этом языке",
        "author": "Аллан Перлиз"
    },
    {
        "text": "Программирование на С похоже на быстрые танцы на только что отполированном полу людей с острыми бритвами в руках",
        "author": "Валди Равенс"
    },

    {
        "text": "В хорошем дизайне добавление чего-то стоит дешевле, чем сама эта вещь",
        "author": "Томас Гейт"
    },
    {
        "text": "В теории, теория и практика неразделимы. На практике это не так",
        "author": "Йоги Берра"
    },
    {
        "text": "Perl — это тот язык, который одинаково выглядит как до, так и после RSA шифрования",
        "author": "Кейз Бостик"
    },

    {
        "text": "Иногда лучше остаться спать дома в понедельник, чем провести всю неделю в отладке написанного в понедельник кода",
        "author": "Кристофер Томсон"
    },
    {
        "text": "Измерять продуктивность программиста подсчетом строк кода — это так же, как оценивать постройку самолета по его весу",
        "author": "Билл Гейтс"
    },
    {
        "text": "Отладка кода вдвое сложнее, чем его написание. Так что если вы пишете код настолько умно, насколько можете, то вы по определению недостаточно сообразительны, чтобы его отлаживать",
        "author": "Брайн Карниган"
    },
    {
        "text": "Многие из вас знакомы с достоинствами программиста. Их всего три, и разумеется это: лень, нетерпеливость и гордыня",
        "author": "Ларри Волл"
    },
    {
        "text": "Большинство программ на сегодняшний день подобны египетским пирамидам из миллиона кирпичиков друг на друге и без конструктивной целостности — они просто построены грубой силой и тысячами рабов",
        "author": "Аллан Кай"
    },
    {
        "text": "Большинство хороших программистов делают свою работу не потому, что ожидают оплаты или признания, а потому что получают удовольствие от программирования",
        "author": "Линус Торвалдс"
    },
    {
        "text": "Всегда пишите код так, будто сопровождать его будет склонный к насилию психопат, который знает, где вы живете",
        "author": "Мартин Голдинг"
    },
    {
        "text": "Программы должны писаться для людей, которые будут их читать, а машины, которые будут эти программы исполнять — второстепенны",
        "author": "Гарольд Абельсон"
    },
    {
        "text": "Люди, которые думают, что ненавидят компьютеры, на самом деле ненавидят плохих программистов",
        "author": "Лари Нивен"
    },

    {
        "text": "Язык, который не меняет вашего представления о программировании, недостоин изучения",
        "author": "Аллан Перлиз"
    },
    {
        "text": "Мы наблюдаем общество, которое все больше зависит от машин, но при этом использует их все неэффективнее",
        "author": "Дугласс Рушкофф"
    },
    {
        "text": "Иногда лучшие программы создаются на бумажке. Запрограммировать их — второстепенная вещь",
        "author": "Макс Кэнат-Александр"
    },
    {
        "text": "Отладка кода — это как охота. Охота на баги",
        "author": "Амит Калантри"
    }
]